﻿<parameters>
  <parameter name="IIS Web Application Name" defaultValue="dogya\MyMVCAppCS" tags="IisApp">
    <parameterEntry kind="ProviderPath" scope="IisApp" match="^C:\\Dev\\MyMVCApp\\MyMVCAppCS\\obj\\Debug\\Package\\PackageTmp$" />
    <parameterEntry kind="ProviderPath" scope="setAcl" match="^C:\\Dev\\MyMVCApp\\MyMVCAppCS\\obj\\Debug\\Package\\PackageTmp$" />
  </parameter>
  <parameter name="walkingDEV-Web.config Connection String" defaultValue="Data Source=PLLPC4004\SQLEXPRESS2014;Initial Catalog=walkingDB_DEV;Integrated Security=True">
    <parameterEntry kind="XmlFile" scope="C:\\Dev\\MyMVCApp\\MyMVCAppCS\\obj\\Debug\\Package\\PackageTmp\\Web\.config$" match="/configuration/connectionStrings/add[@name='walkingDEV']/@connectionString" />
  </parameter>
  <parameter name="walkingLIVE-Web.config Connection String" defaultValue="Data Source=PLLPC4004\SQLEXPRESS2014;Initial Catalog=walkingDB;Integrated Security=True">
    <parameterEntry kind="XmlFile" scope="C:\\Dev\\MyMVCApp\\MyMVCAppCS\\obj\\Debug\\Package\\PackageTmp\\Web\.config$" match="/configuration/connectionStrings/add[@name='walkingLIVE']/@connectionString" />
  </parameter>
</parameters>